{
    "resource_pack_name": "vanilla",
    "texture_data": {
        "qc_better_netherite_equipment:a1_netherite_iron_helmet": {
            "textures": "textures/items/netherite_iron_helmet"
        },
        "qc_better_netherite_equipment:a2_netherite_iron_chestplate": {
            "textures": "textures/items/netherite_iron_chestplate"
        },
        "qc_better_netherite_equipment:a3_netherite_iron_leggings": {
            "textures": "textures/items/netherite_iron_leggings"
        },
        "qc_better_netherite_equipment:a4_netherite_iron_boots": {
            "textures": "textures/items/netherite_iron_boots"
        },
        "qc_better_netherite_equipment:a5_netherite_gold_helmet": {
            "textures": "textures/items/netherite_gold_helmet"
        },
        "qc_better_netherite_equipment:a6_netherite_gold_chestplate": {
            "textures": "textures/items/netherite_gold_chestplate"
        },
        "qc_better_netherite_equipment:a7_netherite_gold_leggings": {
            "textures": "textures/items/netherite_gold_leggings"
        },
        "qc_better_netherite_equipment:a8_netherite_gold_boots": {
            "textures": "textures/items/netherite_gold_boots"
        },
        "qc_better_netherite_equipment:b1_netherite_emer_helmet": {
            "textures": "textures/items/netherite_emerald_helmet"
        },
        "qc_better_netherite_equipment:b2_netherite_emer_chestplate": {
            "textures": "textures/items/netherite_emerald_chestplate"
        },
        "qc_better_netherite_equipment:b3_netherite_emer_leggings": {
            "textures": "textures/items/netherite_emerald_leggings"
        },
        "qc_better_netherite_equipment:b4_netherite_emer_boots": {
            "textures": "textures/items/netherite_emerald_boots"
        },
        "qc_better_netherite_equipment:b5_netherite_diam_helmet": {
            "textures": "textures/items/netherite_diamond_helmet"
        },
        "qc_better_netherite_equipment:b6_netherite_diam_chestplate": {
            "textures": "textures/items/netherite_diamond_chestplate"
        },
        "qc_better_netherite_equipment:b7_netherite_diam_leggings": {
            "textures": "textures/items/netherite_diamond_leggings"
        },
        "qc_better_netherite_equipment:b8_netherite_diam_boots": {
            "textures": "textures/items/netherite_diamond_boots"
        },
        "qc_better_netherite_equipment:bet_neth_equ_mod_wiki": {
            "textures": "textures/items/BetNethEquModWiki"
        },
        "qc_better_netherite_equipment:c1_netherite_iron_axe": {
            "textures": "textures/items/netherite_iron_axe"
        },
        "qc_better_netherite_equipment:c2_netherite_gold_axe": {
            "textures": "textures/items/netherite_gold_axe"
        },
        "qc_better_netherite_equipment:c3_netherite_emerald_axe": {
            "textures": "textures/items/netherite_emerald_axe"
        },
        "qc_better_netherite_equipment:c4_netherite_diamond_axe": {
            "textures": "textures/items/netherite_diamond_axe"
        },
        "qc_better_netherite_equipment:c5_netherite_iron_hoe": {
            "textures": "textures/items/netherite_iron_hoe"
        },
        "qc_better_netherite_equipment:c6_netherite_gold_hoe": {
            "textures": "textures/items/netherite_gold_hoe"
        },
        "qc_better_netherite_equipment:c7_netherite_emerald_hoe": {
            "textures": "textures/items/netherite_emerald_hoe"
        },
        "qc_better_netherite_equipment:c8_netherite_diamond_hoe": {
            "textures": "textures/items/netherite_diamond_hoe"
        },
        "qc_better_netherite_equipment:d1_netherite_iron_pickaxe": {
            "textures": "textures/items/netherite_iron_pickaxe"
        },
        "qc_better_netherite_equipment:d2_netherite_gold_pickaxe": {
            "textures": "textures/items/netherite_gold_pickaxe"
        },
        "qc_better_netherite_equipment:d3_netherite_emerald_pickaxe": {
            "textures": "textures/items/netherite_emerald_pickaxe"
        },
        "qc_better_netherite_equipment:d4_netherite_diamond_pickaxe": {
            "textures": "textures/items/netherite_diamond_pickaxe"
        },
        "qc_better_netherite_equipment:d5_netherite_iron_shovel": {
            "textures": "textures/items/netherite_iron_shovel"
        },
        "qc_better_netherite_equipment:d6_netherite_gold_shovel": {
            "textures": "textures/items/netherite_gold_shovel"
        },
        "qc_better_netherite_equipment:d7_netherite_emerald_shovel": {
            "textures": "textures/items/netherite_emerald_shovel"
        },
        "qc_better_netherite_equipment:d8_netherite_diamond_shovel": {
            "textures": "textures/items/netherite_diamond_shovel"
        },
        "qc_better_netherite_equipment:e1_netherite_iron_sword": {
            "textures": "textures/items/netherite_iron_sword"
        },
        "qc_better_netherite_equipment:e2_netherite_gold_sword": {
            "textures": "textures/items/netherite_gold_sword"
        },
        "qc_better_netherite_equipment:e3_netherite_emerald_sword": {
            "textures": "textures/items/netherite_emerald_sword"
        },
        "qc_better_netherite_equipment:e4_netherite_diamond_sword": {
            "textures": "textures/items/netherite_diamond_sword"
        },
        "qc_better_netherite_equipment:e5_netherite_iron_ingot": {
            "textures": "textures/items/netherite_iron_ingot"
        },
        "qc_better_netherite_equipment:e6_netherite_gold_ingot": {
            "textures": "textures/items/netherite_gold_ingot"
        },
        "qc_better_netherite_equipment:e7_netherite_emerald_ingot": {
            "textures": "textures/items/netherite_emerald_ingot"
        },
        "qc_better_netherite_equipment:e8_netherite_diamond_ingot": {
            "textures": "textures/items/netherite_diamond_ingot"
        }
    },
    "texture_name": "atlas.items"
}