{
    "resource_pack_name": "vanilla",
    "texture_data": {
        "qc_better_netherite_equipment:netherite_diamond_block": {
            "textures": "textures/blocks/netherite_diamond_block"
        },
        "qc_better_netherite_equipment:netherite_emerald_block": {
            "textures": "textures/blocks/netherite_emerald_block"
        },
        "qc_better_netherite_equipment:netherite_gold_block": {
            "textures": "textures/blocks/netherite_gold_block"
        },
        "qc_better_netherite_equipment:netherite_iron_block": {
            "textures": "textures/blocks/netherite_iron_block"
        }
    },
    "texture_name": "atlas.terrain"
}