{
    "format_version": "1.20.10",
    "minecraft:recipe_shaped": {
        "description": {
            "identifier": "qc_better_netherite_equipment:lodestone_from_gold_netherite"
        },
        "key": {
            "E": {
                "data": 0,
                "item": "qc_better_netherite_equipment:e6_netherite_gold_ingot"
            },
            "I": {
                "data": 3,
                "item": "minecraft:stonebrick"
            }
        },
        "pattern": [
            "III",
            "IEI",
            "III"
        ],
        "result": {
            "count": 1,
            "data": 0,
            "item": "minecraft:lodestone"
        },
        "tags": [
            "crafting_table"
        ],
        "unlock": {
            "context": "AlwaysUnlocked"
        }
    }
}