{
    "format_version": "1.20.10",
    "minecraft:recipe_shaped": {
        "description": {
            "identifier": "qc_better_netherite_equipment:netherite_diamond_ingot_1"
        },
        "key": {
            "A": {
                "data": 0,
                "item": "qc_better_netherite_equipment:e7_netherite_emerald_ingot"
            },
            "E": {
                "data": 0,
                "item": "minecraft:diamond"
            }
        },
        "pattern": [
            "AEE",
            "EE "
        ],
        "result": {
            "count": 1,
            "data": 0,
            "item": "qc_better_netherite_equipment:e8_netherite_diamond_ingot"
        },
        "tags": [
            "crafting_table"
        ],
        "unlock": {
            "context": "AlwaysUnlocked"
        }
    }
}