{
    "format_version": "1.20.10",
    "minecraft:recipe_shapeless": {
        "description": {
            "identifier": "qc_better_netherite_equipment:BetNethEquModWiki"
        },
        "ingredients": [
            {
                "count": 1,
                "data": 0,
                "item": "minecraft:enchanted_book"
            },
            {
                "count": 1,
                "data": 0,
                "item": "minecraft:netherite_scrap"
            }
        ],
        "result": {
            "count": 1,
            "data": 0,
            "item": "qc_better_netherite_equipment:bet_neth_equ_mod_wiki"
        },
        "tags": [
            "crafting_table"
        ],
        "unlock": {
            "context": "AlwaysUnlocked"
        }
    }
}