{
    "editor_identifier": "bet_neth_equ_mod_wiki_book",
    "icon": "textures/ui/equ_repair_book_icon",
    "pages": [
        {
            "content": "模组的四套装备可在§l背包合成栏§r或§l工作台§r直接修复，放入装备与对应材料即可，§l无需铁砧§r，§l摆放顺序、位置不限§r，具体配方§l如右图§r。\n并且经过模组特殊合成逻辑处理，§l修复后附魔等物品数据将会完整保留§r，无需担心附魔丢失！",
            "type": "textPage"
        },
        {
            "content": "无论装备耐久剩多少，用§l一个材料§r就能直接补满。§l不用在耐久没掉多少时就修，也别拖到快坏了才补§r，免得没把控好时机导致装备损坏，就得不偿失了。",
            "image": "textures/ui/equ_repair_recipe_book_texture",
            "imageSize": [
                72.0,
                38.4
            ],
            "type": "imagePage"
        }
    ],
    "parent": "smithing_and_repair",
    "sortnum": 1,
    "title": "装备的修复"
}