{
    "editor_identifier": "bet_neth_equ_mod_wiki_book",
    "icon": "textures/ui/smithing_table_book_icon",
    "pages": [
        {
            "content": "模组四套装备均采用§l套娃式递进升级§r机制 —— 升级需以「当前等级对应装备」为核心，搭配下一级的下界合金耗材完成，逻辑与原版钻石升级下界合金一致，且全品类（剑/斧/镐/铲/锄/全盔甲）合成规则统一。经模组§l特殊合成逻辑处理§r，升级后装备§l耐久回满§r，§l附魔等物品数据完整保留§r。",
            "type": "textPage"
        },
        {
            "content": "具体合成方式如图，这里展示的是“钻石·下界合金剑”的升级配方，目前§l受模组配方系统限制§r，这四套装备的升级§l没法用锻造台，得在普通工作台里做配方合成§r。\n注意：由于合成界面配方是系统随机排序的，§l可能会优先展示装备修复配方，将锻造模板放入背包后，升级配方即可正常显示§r。",
            "image": "textures/ui/equ_smithing_recipe_book_texture",
            "imageSize": [
                72.0,
                38.4
            ],
            "type": "imagePage"
        }
    ],
    "parent": "smithing_and_repair",
    "sortnum": 0,
    "title": "装备的锻造"
}