{
    "editor_identifier": "bet_neth_equ_mod_wiki_book",
    "icon": "textures/items/netherite_iron_pickaxe",
    "pages": [
        {
            "content": "盔甲的最大耐久\n\n头盔： 429\n胸甲： 624\n护腿： 585\n靴子： 507",
            "image": "textures/ui/neth_iron_armor_book_texture",
            "imageSize": [
                64.0,
                16.0
            ],
            "type": "imagePage"
        },
        {
            "content": "工具武器的最大耐久\n\n斧： 2281\n锄： 2281\n镐： 2281\n铲： 2281\n剑： 2281",
            "image": "textures/ui/neth_iron_tool_book_texture",
            "imageSize": [
                80.0,
                16.0
            ],
            "subtitle": "盔甲与工具武器的最大耐久",
            "type": "imagePage"
        }
    ],
    "parent": "equipment_max_damage",
    "sortnum": 0,
    "title": "铁·下界合金装备"
}