{
    "content": "本模组上架前经过了重重测试，§l自身出BUG的概率非常低§r～要是你游玩时遇到模组异常，别急着给差评，这大概率是§l和其他模组的适配冲突§r哦。麻烦你§l排查出冲突模组§r，把§l组件码§r和§l详细的BUG复现流程§r发给我们； 如果确定是模组本身的问题，只提供§lBUG复现流程§r就好啦。",
    "editor_identifier": "bet_neth_equ_mod_wiki_book",
    "icon": "textures/ui/question_report_icon",
    "sortnum": 4,
    "title": "关于bug反馈"
}