{
    "format_version": "1.10",
    "minecraft:item": {
        "components": {
            "minecraft:max_damage": 3092,
            "netease:customtips": {
                "value": "§b+ 挖掘钻石矿石时掉落额外钻石的概率"
            },
            "netease:fire_resistant": {
                "value": true
            },
            "netease:weapon": {
                "attack_damage": 7,
                "enchantment": 18,
                "level": 5,
                "speed": 34,
                "type": "pickaxe"
            }
        },
        "description": {
            "category": "bet_neth_eqpt",
            "custom_item_type": "weapon",
            "identifier": "qc_better_netherite_equipment:d4_netherite_diamond_pickaxe"
        }
    }
}