{
    "format_version": "1.10",
    "minecraft:item": {
        "components": {
            "minecraft:max_damage": 559,
            "netease:armor": {
                "armor_slot": 3,
                "defense": 5,
                "enchantment": 16,
                "knockback_resistance": 0.1,
                "toughness": 3
            },
            "netease:customtips": {
                "value": "§2+ 震慑末影人"
            },
            "netease:fire_resistant": {
                "value": true
            }
        },
        "description": {
            "category": "bet_neth_eqpt",
            "custom_item_type": "armor",
            "identifier": "qc_better_netherite_equipment:b4_netherite_emer_boots"
        }
    }
}