{
    "format_version": "1.10",
    "minecraft:item": {
        "components": {
            "minecraft:max_damage": 2313,
            "netease:fire_resistant": {
                "value": true
            },
            "netease:weapon": {
                "attack_damage": 8,
                "enchantment": 18,
                "level": 4,
                "speed": 22,
                "type": "hatchet"
            }
        },
        "description": {
            "category": "bet_neth_eqpt",
            "custom_item_type": "weapon",
            "identifier": "qc_better_netherite_equipment:c2_netherite_gold_axe"
        }
    }
}