{
    "format_version": "1.10",
    "minecraft:item": {
        "components": {
            "minecraft:max_damage": 2651,
            "netease:customtips": {
                "value": "§2+ 击杀末影人时掉落额外末影珍珠的概率"
            },
            "netease:fire_resistant": {
                "value": true
            },
            "netease:weapon": {
                "attack_damage": 11,
                "enchantment": 20,
                "level": 5,
                "speed": 28,
                "type": "sword"
            }
        },
        "description": {
            "category": "bet_neth_eqpt",
            "custom_item_type": "weapon",
            "identifier": "qc_better_netherite_equipment:e3_netherite_emerald_sword"
        }
    }
}