{
    "format_version": "1.10",
    "minecraft:item": {
        "components": {
            "minecraft:max_damage": 2281,
            "netease:customtips": {
                "value": "§7+ 击杀幻翼时掉落额外幻翼膜的概率"
            },
            "netease:fire_resistant": {
                "value": true
            },
            "netease:weapon": {
                "attack_damage": 9,
                "enchantment": 20,
                "level": 4,
                "speed": 16,
                "type": "sword"
            }
        },
        "description": {
            "category": "bet_neth_eqpt",
            "custom_item_type": "weapon",
            "identifier": "qc_better_netherite_equipment:e1_netherite_iron_sword"
        }
    }
}