{
    "format_version": "1.10",
    "minecraft:item": {
        "components": {
            "minecraft:max_damage": 2313,
            "netease:customtips": {
                "value": "§6+ 挖掘金矿石时掉落额外粗金的概率"
            },
            "netease:fire_resistant": {
                "value": true
            },
            "netease:weapon": {
                "attack_damage": 6,
                "enchantment": 18,
                "level": 4,
                "speed": 22,
                "type": "pickaxe"
            }
        },
        "description": {
            "category": "bet_neth_eqpt",
            "custom_item_type": "weapon",
            "identifier": "qc_better_netherite_equipment:d2_netherite_gold_pickaxe"
        }
    }
}