{
    "format_version": "1.10",
    "minecraft:item": {
        "components": {
            "minecraft:max_damage": 2651,
            "netease:customtips": {
                "value": "§2+ 挖掘绿宝石矿石时掉落额外绿宝石的概率"
            },
            "netease:fire_resistant": {
                "value": true
            },
            "netease:weapon": {
                "attack_damage": 7,
                "enchantment": 18,
                "level": 5,
                "speed": 28,
                "type": "pickaxe"
            }
        },
        "description": {
            "category": "bet_neth_eqpt",
            "custom_item_type": "weapon",
            "identifier": "qc_better_netherite_equipment:d3_netherite_emerald_pickaxe"
        }
    }
}