{
    "format_version": "1.10",
    "minecraft:item": {
        "components": {
            "minecraft:max_damage": 429,
            "netease:armor": {
                "armor_slot": 0,
                "defense": 4,
                "enchantment": 16,
                "knockback_resistance": 0.1,
                "toughness": 3
            },
            "netease:customtips": {
                "value": "§7+ 震慑幻翼"
            },
            "netease:fire_resistant": {
                "value": true
            }
        },
        "description": {
            "category": "bet_neth_eqpt",
            "custom_item_type": "armor",
            "identifier": "qc_better_netherite_equipment:a1_netherite_iron_helmet"
        }
    }
}