{
    "format_version": "1.10",
    "minecraft:item": {
        "components": {
            "minecraft:max_damage": 2651,
            "netease:customtips": {
                "value": "+ 收获成熟作物时获得额外产物的概率"
            },
            "netease:fire_resistant": {
                "value": true
            },
            "netease:weapon": {
                "attack_damage": 7,
                "enchantment": 18,
                "level": 5,
                "speed": 28,
                "type": "hoe"
            }
        },
        "description": {
            "category": "bet_neth_eqpt",
            "custom_item_type": "weapon",
            "identifier": "qc_better_netherite_equipment:c7_netherite_emerald_hoe"
        }
    }
}