{
    "format_version": "1.10",
    "minecraft:item": {
        "components": {
            "minecraft:max_damage": 517,
            "netease:armor": {
                "armor_slot": 0,
                "defense": 5,
                "enchantment": 16,
                "knockback_resistance": 0.1,
                "toughness": 4
            },
            "netease:customtips": {
                "value": "§2+ 震慑末影人\n§6+ 震慑猪灵\n§7+ 震慑幻翼"
            },
            "netease:fire_resistant": {
                "value": true
            }
        },
        "description": {
            "category": "bet_neth_eqpt",
            "custom_item_type": "armor",
            "identifier": "qc_better_netherite_equipment:b5_netherite_diam_helmet"
        }
    }
}