{
  "modules": [
    {
      "type": "data",
      "uuid": "d196d907-b0ca-4fb4-be09-c8dfe84b689e",
      "version": [
        0,
        0,
        1
      ],
      "description": ""
    }
  ],
  "header": {
    "uuid": "dfd3b4a4-cd70-4366-a838-90e241e48de9",
    "version": [
      0,
      0,
      1
    ],
    "description": "",
    "name": "behavior_pack",
    "min_engine_version": [
      1,
      18,
      0
    ]
  },
  "dependencies": [],
  "format_version": 1
}