{
    "editor_identifier": "bet_neth_equ_mod_wiki_book",
    "icon": "textures/items/netherite_diamond_helmet",
    "pages": [
        {
            "content": "护甲值\n\n头盔： 5\n胸甲： 10\n护腿： 8\n靴子： 5",
            "image": "textures/ui/neth_diamond_armor_book_texture",
            "imageSize": [
                64.0,
                16.0
            ],
            "type": "imagePage"
        },
        {
            "content": "盔甲韧性\n\n头盔： 4\n胸甲： 4\n护腿： 4\n靴子： 4",
            "image": "textures/ui/neth_diamond_armor_book_texture",
            "imageSize": [
                64.0,
                16.0
            ],
            "subtitle": "护甲值与盔甲韧性     ",
            "type": "imagePage"
        }
    ],
    "parent": "armor_defense_attribute",
    "sortnum": 3,
    "title": "钻石·下界合金盔甲"
}