{
    "editor_identifier": "bet_neth_equ_mod_wiki_book",
    "icon": "textures/items/netherite_emerald_pickaxe",
    "pages": [
        {
            "content": "盔甲的最大耐久\n\n头盔： 473\n胸甲： 688\n护腿： 645\n靴子： 559",
            "image": "textures/ui/neth_emerald_armor_book_texture",
            "imageSize": [
                64.0,
                16.0
            ],
            "type": "imagePage"
        },
        {
            "content": "工具武器的最大耐久\n\n斧： 2651\n锄： 2651\n镐： 2651\n铲： 2651\n剑： 2651",
            "image": "textures/ui/neth_emerald_tool_book_texture",
            "imageSize": [
                80.0,
                16.0
            ],
            "subtitle": "盔甲与工具武器的最大耐久",
            "type": "imagePage"
        }
    ],
    "parent": "equipment_max_damage",
    "sortnum": 2,
    "title": "绿宝石·下界合金装备"
}