{
    "editor_identifier": "bet_neth_equ_mod_wiki_book",
    "icon": "textures/items/netherite_gold_pickaxe",
    "pages": [
        {
            "content": "盔甲的最大耐久\n\n头盔： 451\n胸甲： 656\n护腿： 615\n靴子： 533",
            "image": "textures/ui/neth_gold_armor_book_texture",
            "imageSize": [
                64.0,
                16.0
            ],
            "type": "imagePage"
        },
        {
            "content": "工具武器的最大耐久\n\n斧： 2313\n锄： 2313\n镐： 2313\n铲： 2313\n剑： 2313",
            "image": "textures/ui/neth_gold_tool_book_texture",
            "imageSize": [
                80.0,
                16.0
            ],
            "subtitle": "盔甲与工具武器的最大耐久",
            "type": "imagePage"
        }
    ],
    "parent": "equipment_max_damage",
    "sortnum": 1,
    "title": "金·下界合金装备"
}