{
    "editor_identifier": "bet_neth_equ_mod_wiki_book",
    "icon": "textures/items/netherite_iron_helmet",
    "pages": [
        {
            "content": "护甲值\n\n头盔： 4\n胸甲： 9\n护腿： 7\n靴子： 4",
            "image": "textures/ui/neth_iron_armor_book_texture",
            "imageSize": [
                64.0,
                16.0
            ],
            "type": "imagePage"
        },
        {
            "content": "盔甲韧性\n\n头盔： 3\n胸甲： 3\n护腿： 3\n靴子： 3",
            "image": "textures/ui/neth_iron_armor_book_texture",
            "imageSize": [
                64.0,
                16.0
            ],
            "subtitle": "护甲值与盔甲韧性     ",
            "type": "imagePage"
        }
    ],
    "parent": "armor_defense_attribute",
    "sortnum": 0,
    "title": "铁·下界合金盔甲"
}