{
    "editor_identifier": "bet_neth_equ_mod_wiki_book",
    "icon": "textures/items/netherite_diamond_sword",
    "pages": [
        {
            "content": "可以触发剑额外掉落的有效生物可以在§l剑的物品词条§r里看到！\n触发掉落时会§l额外掉落一个§r对应物品！",
            "type": "textPage"
        },
        {
            "content": "剑的概率百分比\n\n击杀它们对应的有效生物的额外掉落概率§l统一为50%§r！",
            "image": "textures/ui/mod_swords_book_texture",
            "imageSize": [
                64.0,
                16.0
            ],
            "subtitle": "所有剑的额外掉落概率   ",
            "type": "imagePage"
        }
    ],
    "parent": "tool_drop_chance",
    "sortnum": 2,
    "title": "所有剑的概率"
}