{
  "Source": "入门SDK脚本模板",
  "CreateVersion": "3.6.0.149136",
  "EditVersion": "3.6.0.149136",
  "OldEditCount": 0,
  "NewEditCount": 33,
  "OldComponents": [],
  "Account": "mcczzmcyyds@163.com",
  "UserName": "轻尘工作室",
  "UserId": "108521",
  "Id": "a189adec06b243249730aeaf0b6af6b7",
  "EditType": 2,
  "IsMap": false,
  "CreateNew": true,
  "CodeEnable": true,
  "CanPublishResourceComponent": true,
  "EditName": "更好的下界合金装备",
  "GameType": 0,
  "WorldType": 1,
  "Seed": "",
  "BlockNums": [
    0,
    0
  ],
  "BornPoint": [
    0,
    0,
    0
  ],
  "SaveBackMapPath": null,
  "SaveBackAddOnPath": "E:\\MCStudioDownload\\work\\mcczzmcyyds@163.com\\Cpp\\AddOn\\a189adec06b243249730aeaf0b6af6b7",
  "ResourceIds": [],
  "EditAddOnPaths": [
    "E:\\MCStudioDownload\\work\\mcczzmcyyds@163.com\\Cpp\\AddOn\\b11428cbd5eb4734a6d537e1a314d634"
  ],
  "NameSpace": "qc_better_netherite_equipment",
  "EditMaterialPaths": [],
  "EditLogFilePath": "E:\\MCStudioDownload\\work\\editor\\edit.log",
  "ServerName": "EXPR",
  "StudioPort": 11282,
  "DCWebUrl": "https://x19apigatewayexpr.nie.netease.com",
  "ShowGuide": false,
  "AssertCacheDir": "E:\\MCStudioDownload\\EngineAssert",
  "ElkUrl": "https://x19mclexpr.nie.netease.com/client-log",
  "ShowGpuDriverTips": false,
  "StudioTempPath": "E:\\MCStudioDownload\\temp\\editorTemp",
  "EditorResourcePackPath": "E:\\MCStudio\\data\\inner_res",
  "EditDate": 1763588059,
  "EditDuration": 436145,
  "TestDuration": 193793
}