{
    "format_version": "1.10.0",
    "minecraft:attachable": {
        "description": {
            "geometry": {
                "default": "geometry.humanoid.armor.boots"
            },
            "identifier": "qc_better_netherite_equipment:b4_netherite_emer_boots",
            "materials": {
                "default": "armor",
                "enchanted": "armor_enchanted"
            },
            "render_controllers": [
                "controller.render.armor"
            ],
            "scripts": {
                "parent_setup": "variable.boot_layer_visible = 0.0;"
            },
            "textures": {
                "default": "textures/models/netherite_emerald_layer_1",
                "enchanted": "textures/misc/enchanted_item_glint"
            }
        }
    }
}