{
    "format_version": [
        1,
        1,
        0
    ],
    "qc_better_netherite_equipment:netherite_diamond_block": {
        "sound": "netherite",
        "textures": "qc_better_netherite_equipment:netherite_diamond_block"
    },
    "qc_better_netherite_equipment:netherite_emerald_block": {
        "sound": "netherite",
        "textures": "qc_better_netherite_equipment:netherite_emerald_block"
    },
    "qc_better_netherite_equipment:netherite_gold_block": {
        "sound": "netherite",
        "textures": "qc_better_netherite_equipment:netherite_gold_block"
    },
    "qc_better_netherite_equipment:netherite_iron_block": {
        "sound": "netherite",
        "textures": "qc_better_netherite_equipment:netherite_iron_block"
    }
}