{
  "Source": "import",
  "CreateVersion": "3.6.0.149136",
  "EditVersion": "3.6.0.149136",
  "OldEditCount": 0,
  "NewEditCount": 35,
  "OldComponents": [],
  "Account": "mcczzmcyyds@163.com",
  "UserName": "轻尘工作室",
  "UserId": "108521",
  "Id": "d6f457d02cc240cb957efc0a3f33ab63",
  "EditType": 2,
  "IsMap": false,
  "CreateNew": true,
  "CodeEnable": true,
  "CanPublishResourceComponent": true,
  "EditName": "更好的下界合金装备",
  "GameType": 0,
  "WorldType": 1,
  "Seed": "",
  "BlockNums": [
    0,
    0
  ],
  "BornPoint": [
    0,
    0,
    0
  ],
  "SaveBackMapPath": null,
  "SaveBackAddOnPath": "E:\\MCStudioDownload\\work\\mcczzmcyyds@163.com\\Cpp\\AddOn\\d6f457d02cc240cb957efc0a3f33ab63",
  "ResourceIds": [],
  "EditAddOnPaths": [],
  "NameSpace": "qc_better_netherite_equipment",
  "EditMaterialPaths": [],
  "EditLogFilePath": "E:\\MCStudioDownload\\work\\editor\\edit.log",
  "ServerName": "EXPR",
  "StudioPort": 12680,
  "DCWebUrl": "https://x19apigatewayexpr.nie.netease.com",
  "ShowGuide": false,
  "AssertCacheDir": "E:\\MCStudioDownload\\EngineAssert",
  "ElkUrl": "https://x19mclexpr.nie.netease.com/client-log",
  "ShowGpuDriverTips": false,
  "StudioTempPath": "E:\\MCStudioDownload\\temp\\editorTemp",
  "EditorResourcePackPath": "E:\\MCStudio\\data\\inner_res",
  "EditDate": 1763588059,
  "EditDuration": 438215,
  "TestDuration": 195168
}