{
    "format_version": "1.10",
    "minecraft:item": {
        "components": {
            "minecraft:max_damage": 3092,
            "netease:customtips": {
                "value": "§7+ 击杀幻翼时掉落额外幻翼膜的概率\n§6+ 击杀猪灵时掉落额外金锭的概率\n§6+ 击杀僵尸猪灵时掉落额外金粒的概率\n§2+ 击杀末影人时掉落额外末影珍珠的概率"
            },
            "netease:fire_resistant": {
                "value": true
            },
            "netease:weapon": {
                "attack_damage": 12,
                "enchantment": 20,
                "level": 5,
                "speed": 34,
                "type": "sword"
            }
        },
        "description": {
            "category": "bet_neth_eqpt",
            "custom_item_type": "weapon",
            "identifier": "qc_better_netherite_equipment:e4_netherite_diamond_sword"
        }
    }
}