{
    "format_version": "1.10",
    "minecraft:item": {
        "components": {
            "minecraft:max_damage": 3092,
            "netease:fire_resistant": {
                "value": true
            },
            "netease:weapon": {
                "attack_damage": 7,
                "enchantment": 18,
                "level": 5,
                "speed": 34,
                "type": "shovel"
            }
        },
        "description": {
            "category": "bet_neth_eqpt",
            "custom_item_type": "weapon",
            "identifier": "qc_better_netherite_equipment:d8_netherite_diamond_shovel"
        }
    }
}