{
    "format_version": "1.10",
    "minecraft:item": {
        "components": {
            "minecraft:max_damage": 2313,
            "netease:customtips": {
                "value": "§6+ 击杀猪灵时掉落额外金锭的概率\n§6+ 击杀僵尸猪灵时掉落额外金粒的概率"
            },
            "netease:fire_resistant": {
                "value": true
            },
            "netease:weapon": {
                "attack_damage": 10,
                "enchantment": 20,
                "level": 4,
                "speed": 22,
                "type": "sword"
            }
        },
        "description": {
            "category": "bet_neth_eqpt",
            "custom_item_type": "weapon",
            "identifier": "qc_better_netherite_equipment:e2_netherite_gold_sword"
        }
    }
}