{
    "format_version": "1.20.10",
    "minecraft:recipe_shaped": {
        "description": {
            "identifier": "qc_better_netherite_equipment:neth_diam_pickaxe_smth"
        },
        "key": {
            "A": {
                "data": 0,
                "item": "minecraft:netherite_upgrade_smithing_template"
            },
            "B": {
                "data": 0,
                "item": "qc_better_netherite_equipment:d3_netherite_emerald_pickaxe"
            },
            "C": {
                "data": 0,
                "item": "qc_better_netherite_equipment:e8_netherite_diamond_ingot"
            }
        },
        "pattern": [
            "ABC"
        ],
        "result": {
            "count": 1,
            "data": 0,
            "item": "qc_better_netherite_equipment:d4_netherite_diamond_pickaxe"
        },
        "tags": [
            "crafting_table"
        ],
        "unlock": {
            "context": "AlwaysUnlocked"
        }
    }
}