{
    "format_version": "1.20.10",
    "minecraft:recipe_shapeless": {
        "description": {
            "identifier": "qc_better_netherite_equipment:zzzzzzzzzzzzz8"
        },
        "ingredients": [
            {
                "count": 1,
                "data": 0,
                "item": "qc_better_netherite_equipment:d8_netherite_diamond_shovel"
            },
            {
                "count": 1,
                "data": 0,
                "item": "qc_better_netherite_equipment:e8_netherite_diamond_ingot"
            }
        ],
        "result": {
            "count": 1,
            "data": 0,
            "item": "qc_better_netherite_equipment:d8_netherite_diamond_shovel"
        },
        "tags": [
            "crafting_table"
        ],
        "unlock": {
            "context": "AlwaysUnlocked"
        }
    }
}