{
    "format_version": "1.20.10",
    "minecraft:recipe_shaped": {
        "description": {
            "identifier": "qc_better_netherite_equipment:neth_emer_lgs_smth"
        },
        "key": {
            "A": {
                "data": 0,
                "item": "minecraft:netherite_upgrade_smithing_template"
            },
            "B": {
                "data": 0,
                "item": "qc_better_netherite_equipment:a7_netherite_gold_leggings"
            },
            "C": {
                "data": 0,
                "item": "qc_better_netherite_equipment:e7_netherite_emerald_ingot"
            }
        },
        "pattern": [
            "ABC"
        ],
        "result": {
            "count": 1,
            "data": 0,
            "item": "qc_better_netherite_equipment:b3_netherite_emer_leggings"
        },
        "tags": [
            "crafting_table"
        ],
        "unlock": {
            "context": "AlwaysUnlocked"
        }
    }
}