{
    "content": "在这里你可以查询到关于模组装备的§l升级与修复§r相关内容！\n目前§l受模组配方系统限制§r，模组内的四套装备的升级§l没法用锻造台，得在普通工作台里做配方合成§r。这是因为官方的锻造台配方接口不完善，我们目前也没有解决办法。",
    "editor_identifier": "bet_neth_equ_mod_wiki_book",
    "icon": "textures/ui/smithing_table_book_icon",
    "sortnum": 3,
    "title": "装备的升级与修复"
}