{
    "editor_identifier": "bet_neth_equ_mod_wiki_book",
    "icon": "textures/items/netherite_diamond_pickaxe",
    "pages": [
        {
            "content": "盔甲的最大耐久\n\n头盔： 517\n胸甲： 752\n护腿： 705\n靴子： 611",
            "image": "textures/ui/neth_diamond_armor_book_texture",
            "imageSize": [
                64.0,
                16.0
            ],
            "type": "imagePage"
        },
        {
            "content": "工具武器的最大耐久\n\n斧： 3092\n锄： 3092\n镐： 3092\n铲： 3092\n剑： 3092",
            "image": "textures/ui/neth_diamond_tool_book_texture",
            "imageSize": [
                80.0,
                16.0
            ],
            "subtitle": "盔甲与工具武器的最大耐久",
            "type": "imagePage"
        }
    ],
    "parent": "equipment_max_damage",
    "sortnum": 2,
    "title": "钻石·下界合金装备"
}