{
    "editor_identifier": "bet_neth_equ_mod_wiki_book",
    "icon": "textures/ui/smithing_table_book_icon",
    "pages": [
        {
            "content": "模组四套装备均采用§l套娃式递进升级§r机制 —— 升级需以「当前等级对应装备」为核心，搭配下一级的下界合金耗材完成，逻辑与原版钻石升级下界合金一致，且全品类（剑/斧/镐/铲/锄/全盔甲）合成规则统一。经模组§l特殊合成逻辑处理§r，升级后装备§l耐久回满§r，§l附魔等物品数据完整保留§r。具体合成方式如上图所示。",
            "contentTextSize": 9,
            "image": "textures/ui/equ_smithing_recipe_book_texture",
            "imageSize": [
                57.6,
                30.72
            ],
            "type": "imagePage"
        },
        {
            "content": "§l注意！！！§r如果你在合成页面看到的是上面这个配方，是因为正常的升级配方被修复配方遮挡了，并不是本模组的问题！\n合成配方的展示顺序由系统随机排序，可能会优先展示装备的修复配方，如果需要查看装备升级配方§l只需要将锻造模板放入背包§r，升级配方即可正常显示！\n如果还是看不懂配方，§l建议搭配“JEI物品管理器”§r等配方管理模组进行游玩！",
            "contentTextSize": 9,
            "image": "textures/ui/equ_wrong_smithing_recipe_book_texture",
            "imageSize": [
                57.6,
                30.72
            ],
            "type": "imagePage"
        }
    ],
    "parent": "smithing_and_repair",
    "sortnum": 0,
    "title": "装备的锻造"
}