{
    "editor_identifier": "bet_neth_equ_mod_wiki_book",
    "icon": "textures/items/netherite_gold_ingot",
    "pages": [
        {
            "content": "材料的升级和装备一样，都是采用套娃式递进升级机制，四个等级的下界合金都是如此，具体合成方式如上图所示。\n§l注意！！！§r由于系统的配方随机排序机制，你在合成界面看到的配方很可能是合金块分解成九个合金锭的配方（如右图），这并不是本模组的问题，只是正确的材料升级配方被遮挡了。§l具体解决办法详见右侧书页！§r",
            "contentTextSize": 9,
            "image": "textures/ui/ingot_upgrade_recipe_book_texture",
            "imageSize": [
                57.6,
                30.72
            ],
            "type": "imagePage"
        },
        {
            "content": "如果你需要查看材料升级配方，§l请务必将对应的合成材料放入背包§r，举个例子： 查看铁·下界合金锭的配方时，背包里就必须有铁锭； 查看钻石·下界合金锭的配方时，背包里就必须有钻石，这样升级配方就能正常显示了！\n如果还是看不懂配方，§l建议搭配“JEI物品管理器”§r等配方管理模组进行游玩！",
            "contentTextSize": 9,
            "image": "textures/ui/ingot_wrong_upgrade_recipe_book_texture",
            "imageSize": [
                57.6,
                30.72
            ],
            "type": "imagePage"
        }
    ],
    "parent": "smithing_and_repair",
    "sortnum": 2,
    "title": "材料的升级"
}