{
    "editor_identifier": "bet_neth_equ_mod_wiki_book",
    "icon": "textures/items/netherite_diamond_hoe",
    "pages": [
        {
            "content": "可以触发锄头额外掉落的有效方块有§l甜菜根、胡萝卜、土豆、小麦、橡树树叶、深色橡\n树树叶§r。\n上述的方块中除了两种树叶其它的农作物都§l需要成熟§r！\n\n触发掉落时会§l额外掉落一个§r对应物品（树叶掉落苹果）！",
            "type": "textPage"
        },
        {
            "content": "锄头的概率百分比\n\n铁·下界合金锄： 20%\n金·下界合金锄： 30%\n绿宝石·下界合金锄： 40%\n钻石·下界合金锄： 50%",
            "image": "textures/ui/mod_hoes_book_texture",
            "imageSize": [
                64.0,
                16.0
            ],
            "subtitle": "所有锄头的额外掉落概率 ",
            "type": "imagePage"
        }
    ],
    "parent": "tool_drop_chance",
    "sortnum": 0,
    "title": "所有锄的概率"
}