{
    "editor_identifier": "bet_neth_equ_mod_wiki_book",
    "icon": "textures/items/netherite_diamond_pickaxe",
    "pages": [
        {
            "content": "可以触发镐子额外掉落的有效方块可以在§l镐子的物品词条§r里看到！\n触发掉落时会§l额外掉落一个§r对应物品！",
            "type": "textPage"
        },
        {
            "content": "镐子的概率百分比\n\n挖掘它们对应的有效矿石的额外掉落概率§l统一为50%§r！",
            "image": "textures/ui/mod_pickaxes_book_texture",
            "imageSize": [
                64.0,
                16.0
            ],
            "subtitle": "所有镐子的额外掉落概率 ",
            "type": "imagePage"
        }
    ],
    "parent": "tool_drop_chance",
    "sortnum": 1,
    "title": "所有镐的概率"
}